model,dataset,subset_name,pruner,retention,calibrator,n_samples,n_seeds,seeds,pruner_evidence_type,paper_eligible_all,accuracy_mean,accuracy_std,ece_mean,ece_std,delta_ece_mean,delta_ece_std,delta_ece_vs_raw_mean,delta_ece_vs_raw_std,aurc_mean,aurc_std,aurc_margin_mean,aurc_margin_std,aurc_entropy_mean,aurc_entropy_std,delta_aurc_vs_raw_mean,delta_aurc_vs_raw_std,max_softmax_mean_mean,max_softmax_mean_std
llava15_7b_4bit,aokvqa,test,fastv,0.5,adaptive_calibprune,1145,1,20260616,literature-hook,False,0.7912663755458516,0.0,0.13896140981826724,0.0,,,0.0784810492285403,0.0,0.07142539513475256,0.0,0.06902873743198112,0.0,0.08503918441228694,0.0,0.002750662623352676,0.0,0.6530821418049236,0.0
llava15_7b_4bit,aokvqa,test,fastv,0.5,calibprune,1145,1,20260616,literature-hook,False,0.7912663755458516,0.0,0.05177020072573825,0.0,,,-0.008710159863988688,0.0,0.06916068294781152,0.0,0.06889233646208011,0.0,0.07061703161210162,0.0,0.0004859504364116418,0.0,0.7432523233137431,0.0
llava15_7b_4bit,aokvqa,test,fastv,0.5,none,1145,1,20260616,literature-hook,False,0.7912663755458516,0.0,0.06048036058972694,0.0,-0.0039373497533085125,0.0,0.0,0.0,0.06867473251139988,0.0,0.06873460907724083,0.0,0.06875143563833754,0.0,0.0,0.0,0.8468385949924104,0.0
llava15_7b_4bit,aokvqa,test,fastv,0.5,temperature_scaling,1145,1,20260616,literature-hook,False,0.7912663755458516,0.0,0.05104262417237884,0.0,-0.002626797680819505,0.0,-0.009437736417348096,0.0,0.06912220582535639,0.0,0.06889548444782563,0.0,0.0705088256788626,0.0,0.00044747331395650347,0.0,0.7511031740336364,0.0
llava15_7b_4bit,aokvqa,test,none,1.0,none,1145,1,20260616,unpruned,False,0.7877729257641921,0.0,0.06441771034303545,0.0,0.0,0.0,0.0,0.0,0.07027553017729304,0.0,0.07005692717250547,0.0,0.07143512196416166,0.0,0.0,0.0,0.8431918913777858,0.0
llava15_7b_4bit,aokvqa,test,none,1.0,temperature_scaling,1145,1,20260616,unpruned,False,0.7877729257641921,0.0,0.05366942185319835,0.0,0.0,0.0,-0.010748288489837103,0.0,0.07106984776171019,0.0,0.07011719458234925,0.0,0.07320514123662847,0.0,0.0007943175844171424,0.0,0.7377591113801704,0.0
