setting,selected_calibrator,accuracy,ece,adaptive_ece,aurc,notes
fastv_raw,none,0.7912663755458516,0.06048035926745434,0.05617047223853279,0.06867467658930117,raw FastV r=0.5
fastv_temperature_scaling,temperature_scaling,0.7912663755458516,0.05104262417237884,0.04821489831594905,0.06912222094584202,full n_cal=32 fit
fastv_calibprune,calibprune,0.7912663755458516,0.051770195871584175,0.056657998572870984,0.06916072948840718,full n_cal=32 fit
fastv_adaptive_log_margin_default,adaptive_calibprune,0.7912663755458516,0.13896140981826724,0.1381842615596008,0.07142540979955634,default gamma_l2=0.05 overfits this gate
fastv_guarded_adaptive_v025,temperature_scaling,0.7912663755458516,0.03183342432442537,0.035785843560760054,0.0689982758998365,guard selects TS on 8-sample validation split
