condition,n_samples,accuracy,ece,adaptive_ece,aurc,max_softmax_mean,max_softmax_p95
Unpruned raw,768,0.3997395833333333,0.24726309235305577,0.24726309235305582,0.5009339181559984,0.6470026756863891,0.9628429755978208
FastV r=0.5 raw,768,0.3919270833333333,0.2659701390112986,0.2659701390112986,0.48321529188060836,0.6578972223446319,0.9748517803638211
FastV r=0.5 + CalibPrune,768,0.3919270833333333,0.05993625676192054,0.06867773259169108,0.4854171149958986,0.4452667646999951,0.7043154785177671
