model,dataset,subset_name,pruner,retention,calibrator,n_samples,n_seeds,seeds,pruner_evidence_type,paper_eligible_all,accuracy_mean,accuracy_std,ece_mean,ece_std,delta_ece_mean,delta_ece_std,delta_ece_vs_raw_mean,delta_ece_vs_raw_std,aurc_mean,aurc_std,delta_aurc_vs_raw_mean,delta_aurc_vs_raw_std,max_softmax_mean_mean,max_softmax_mean_std
llava15_7b_4bit,mmbench_cn,test,fastv,0.5,none,6,1,20260616,literature-hook,False,0.16666666666666666,0.0,0.5040923765919023,0.0,0.009300368565057227,0.0,0.0,0.0,0.5222222222222223,0.0,0.0,0.0,0.6332505863757726,0.0
llava15_7b_4bit,mmbench_cn,test,fastv,0.5,temperature_scaling,6,1,20260616,literature-hook,False,0.16666666666666666,0.0,0.44189453607322565,0.0,-0.006883476035965397,0.0,-0.06219784051867666,0.0,0.5222222222222223,0.0,0.0,0.0,0.5218791500398814,0.0
llava15_7b_4bit,mmbench_cn,test,none,1.0,none,6,1,20260616,unpruned,False,0.16666666666666666,0.0,0.4947920080268451,0.0,0.0,0.0,0.0,0.0,0.5222222222222223,0.0,0.0,0.0,0.59778778143247,0.0
llava15_7b_4bit,mmbench_cn,test,none,1.0,temperature_scaling,6,1,20260616,unpruned,False,0.16666666666666666,0.0,0.44877801210919105,0.0,0.0,0.0,-0.04601399591765404,0.0,0.5222222222222223,0.0,0.0,0.0,0.5142823004028985,0.0
