condition,n_samples,accuracy,ece,adaptive_ece,aurc,max_softmax_mean,max_softmax_p95
Unpruned raw,256,0.4140625,0.2620637409017772,0.25199044532808534,0.45622847702236485,0.6537018227028468,0.9543117735617975
FastV r=0.5 raw,256,0.41015625,0.2591792913025232,0.25917929130252315,0.4459335887396455,0.6693355413025233,0.9751879461090609
FastV r=0.5 + CalibPrune,256,0.41015625,0.08473077232506347,0.10219530177049296,0.44459306982725944,0.44783637983708163,0.6935346464559791
