path,run_id,model,dataset,subset_name,pruner,retention,calibrator,seed,n_samples,sample_indices_hash,paper_eligible,accuracy,ece,adaptive_ece,aurc,aurc_margin,aurc_entropy,max_softmax_mean,pruner_evidence_type,sanity_only,paper_eligible_summary,delta_accuracy,delta_ece,delta_adaptive_ece,delta_aurc,delta_aurc_margin,delta_aurc_entropy,delta_max_softmax_mean,delta_accuracy_vs_raw,delta_ece_vs_raw,delta_adaptive_ece_vs_raw,delta_aurc_vs_raw,delta_aurc_margin_vs_raw,delta_aurc_entropy_vs_raw,delta_max_softmax_mean_vs_raw
results/raw/pope_lite_qwen2vl_2b_fastv_128_512\qwen2vl_2b-pope-cal-fastv-r0.5-n128-seed20260616.json,qwen2vl_2b-pope-cal-fastv-r0.5-n128-seed20260616,qwen2vl_2b,pope,cal,fastv,0.5,none,20260616,128,2a618e32394c7225,False,0.5703125,0.09985860989008748,0.13005235479555743,0.40283712676770517,0.40283712676770517,0.40283712676770517,0.6361098413866875,literature-hook,False,False,0.1015625,-0.0866576330547753,-0.052977185713198094,-0.05015871318343812,-0.05015871318343812,-0.05015871318343812,-0.008996751644455903,0.0,0.0,0.0,0.0,0.0,0.0,0.0
results/raw/pope_lite_qwen2vl_2b_fastv_128_512\qwen2vl_2b-pope-cal-none-r1-n128-seed20260616.json,qwen2vl_2b-pope-cal-none-r1-n128-seed20260616,qwen2vl_2b,pope,cal,none,1.0,none,20260616,128,2a618e32394c7225,False,0.46875,0.18651624294486277,0.18302954050875553,0.4529958399511433,0.4529958399511433,0.4529958399511433,0.6451065930311434,unpruned,False,False,0.0,0.0,0.0,0.0,0.0,0.0,0.0,0.0,0.0,0.0,0.0,0.0,0.0,0.0
results/raw/pope_lite_qwen2vl_2b_fastv_128_512\qwen2vl_2b-pope-test-fastv-r0.5-n512-seed20260616.json,qwen2vl_2b-pope-test-fastv-r0.5-n512-seed20260616,qwen2vl_2b,pope,test,fastv,0.5,none,20260616,512,67b1fde61ceba78c,False,0.501953125,0.13645572547776252,0.14801406525516192,0.5015464025665226,0.5015464025665226,0.5015464025665226,0.6384088504777625,literature-hook,False,False,-0.013671875,0.0011037951094996223,0.0062378974469260995,0.048554337438416306,0.048554337438416306,0.048554337438416306,-0.011678768187731059,0.0,0.0,0.0,0.0,0.0,0.0,0.0
results/raw/pope_lite_qwen2vl_2b_fastv_128_512\qwen2vl_2b-pope-test-none-r1-n512-seed20260616.json,qwen2vl_2b-pope-test-none-r1-n512-seed20260616,qwen2vl_2b,pope,test,none,1.0,none,20260616,512,67b1fde61ceba78c,False,0.515625,0.1353519303682629,0.14177616780823582,0.4529920651281063,0.4529920651281063,0.4529920651281063,0.6500876186654936,unpruned,False,False,0.0,0.0,0.0,0.0,0.0,0.0,0.0,0.0,0.0,0.0,0.0,0.0,0.0,0.0
