model,dataset,subset_name,pruner,retention,calibrator,n_samples,n_seeds,seeds,pruner_evidence_type,paper_eligible_all,accuracy_mean,accuracy_std,ece_mean,ece_std,delta_ece_mean,delta_ece_std,delta_ece_vs_raw_mean,delta_ece_vs_raw_std,aurc_mean,aurc_std,aurc_margin_mean,aurc_margin_std,aurc_entropy_mean,aurc_entropy_std,delta_aurc_vs_raw_mean,delta_aurc_vs_raw_std,max_softmax_mean_mean,max_softmax_mean_std
qwen2vl_2b,pope,test,fastv,0.5,none,512,4,"20260616,20260617,20260618,20260619",literature-hook,False,0.50927734375,0.010819589749101728,0.1295096620596124,0.012389301523449161,-0.03398571671773776,0.020474221601808843,0.0,0.0,0.4850799393897063,0.019477074874740884,0.4850799393897063,0.019477074874740884,0.4850799393897063,0.019477074874740884,0.0,0.0,0.6387247841355382,0.004431509590074874
qwen2vl_2b,pope,test,none,1.0,none,512,4,"20260616,20260617,20260618,20260619",unpruned,False,0.4970703125,0.014118000287891576,0.16349537877735015,0.018961606535634865,0.0,0.0,0.0,0.0,0.48993525827852097,0.02954468659159692,0.48993525827852097,0.02954468659159692,0.48993525827852097,0.02954468659159692,0.0,0.0,0.6537983939427626,0.0037427860920429385
