model,dataset,subset_name,pruner,retention,calibrator,n_samples,n_seeds,seeds,pruner_evidence_type,paper_eligible_all,accuracy_mean,accuracy_std,ece_mean,ece_std,delta_ece_mean,delta_ece_std,delta_ece_vs_raw_mean,delta_ece_vs_raw_std,aurc_mean,aurc_std,aurc_margin_mean,aurc_margin_std,aurc_entropy_mean,aurc_entropy_std,delta_aurc_vs_raw_mean,delta_aurc_vs_raw_std,max_softmax_mean_mean,max_softmax_mean_std
qwen2vl_2b,pope,test,fastv,0.5,none,512,3,"20260616,20260617,20260618",literature-hook,False,0.513671875,0.0088790245423085,0.12523427166008902,0.011469257635605978,-0.030342809255985124,0.022490929308658245,0.0,0.0,0.4791102421525852,0.019059366564066316,0.4791102421525852,0.019059366564066316,0.4791102421525852,0.019059366564066316,0.0,0.0,0.638906146660089,0.005104194373387612
qwen2vl_2b,pope,test,none,1.0,none,512,3,"20260616,20260617,20260618",unpruned,False,0.5013020833333334,0.013932900103536924,0.15557708091607414,0.01511926803133739,0.0,0.0,0.0,0.0,0.4794554088973599,0.02691732469718387,0.4794554088973599,0.02691732469718387,0.4794554088973599,0.02691732469718387,0.0,0.0,0.6518110915537738,0.0016971880174562362
