model,dataset,subset_name,pruner,retention,calibrator,n_samples,n_seeds,seeds,pruner_evidence_type,paper_eligible_all,accuracy_mean,accuracy_std,ece_mean,ece_std,delta_ece_mean,delta_ece_std,delta_ece_vs_raw_mean,delta_ece_vs_raw_std,aurc_mean,aurc_std,aurc_margin_mean,aurc_margin_std,aurc_entropy_mean,aurc_entropy_std,delta_aurc_vs_raw_mean,delta_aurc_vs_raw_std,max_softmax_mean_mean,max_softmax_mean_std
llava15_7b_4bit,pope,test,none,1.0,none,705,3,"20260616,20260617,20260618",unpruned,True,0.840661938534279,0.01695548092391597,0.03566590014137974,0.0095515489366759,0.0,0.0,0.0,0.0,0.06385979750358757,0.008624481978856461,0.06385979750358757,0.008624481978856461,0.06385979750358757,0.008624481978856461,0.0,0.0,0.862193090222104,0.0030249601209653386
llava15_7b_4bit,pope,test,sparsevlm,0.5,none,705,3,"20260616,20260617,20260618",literature-midlayer-hook,True,0.8430260047281323,0.016433236120078288,0.04074337725535685,0.008328154867636165,0.005077477113977109,0.004523559007885312,0.0,0.0,0.061179685804402965,0.008391902478829597,0.061179685804402965,0.008391902478829597,0.061179685804402965,0.008391902478829597,0.0,0.0,0.8630831773640377,0.0025096080491206325
llava15_7b_4bit,pope,test,vtw,0.5,none,705,3,"20260616,20260617,20260618",literature-midlayer-hook,True,0.8439716312056738,0.017060632201105194,0.03720131543024687,0.011461418454956735,0.0015354152888671264,0.0021158713614847936,0.0,0.0,0.061054359497596966,0.00837745407275261,0.061054359497596966,0.00837745407275261,0.061054359497596966,0.00837745407275261,0.0,0.0,0.8632017766189035,0.0025586673281025665
