condition,n_samples,accuracy,ece,adaptive_ece,aurc,max_softmax_mean,max_softmax_p95
Unpruned raw,768,0.6236979166666666,0.1545755970818869,0.1563423018943528,0.183309560189805,0.7749045355310539,0.9935766591760963
FastV r=0.5 raw,768,0.6145833333333334,0.15845873100129843,0.15694645459302609,0.18216575197740575,0.7715297879263594,0.993926247623833
FastV r=0.5 + CalibPrune,768,0.6145833333333334,0.06364055310374066,0.05802185440174073,0.1932048381287546,0.6431488934995634,0.9374375912477478
